URL,MISSING
http://localhost:3000/,None
http://localhost:3000/undefined,"meta[name=""description""]"
http://localhost:3000/pricing,None
http://localhost:3000/request-demo,None
http://localhost:3000/talent-acquisition,None
http://localhost:3000/talent-interviews,None
http://localhost:3000/talent-management,None
http://localhost:3000/talent-carbon-neutrality,"title, meta[name=""description""], h1"
http://localhost:3000/hiring,None
http://localhost:3000/esg-workforce,None
http://localhost:3000/onboarding-team,None
http://localhost:3000/for-startups,None
http://localhost:3000/for-growing-businesses,None
http://localhost:3000/for-staffing-and-recruitment,None
http://localhost:3000/professional-talent,None
http://localhost:3000/technical-teams,None
http://localhost:3000/graduate-talent,None
http://localhost:3000/about-us,None
http://localhost:3000/careers,None
http://localhost:3000/contact-us,None
http://localhost:3000/esg-consultation,None
http://localhost:3000/partnerships,None
http://localhost:3000/partnerships#partner-with-us,None
http://localhost:3000/affiliate-partnership,None
http://localhost:3000/affiliate-partnership#partner-with-us,None
http://localhost:3000/help-center,None
http://localhost:3000/terms-conditions,"title, meta[name=""description""], h1"
http://localhost:3000/privacy-policy,"title, meta[name=""description""], h1"
http://localhost:3000/strategic-partnership,None
http://localhost:3000/strategic-partnership#partner-with-us,None
http://localhost:3000/startup-partnership,None
http://localhost:3000/startup-partnership#partner-with-us,None
